Nakazato_2013_s0_AdiabaticMSW_NMO,-0.6381905518807228
Nakazato_2013_s0_AdiabaticMSW_IMO,3.8923188994453954
